window, Pin (uW), Pin error (uW), T (unitless), T err (unitless), T ivf (unitless)
1.0, 85.6, 6.0, 0.8816, 0.06996, 0.01874
2.0, 83.5, 5.8, 0.8655, 0.07005, 0.01277
3.0, 82.5, 5.8, 0.8461, 0.07092, 0.03369
4.0, 85.5, 6.0, 0.8024, 0.06991, 0.01075
5.0, 79.2, 5.6, 0.8483, 0.06969, 0.01587
6.0, 84.5, 6.0, 0.9185, 0.07093, 0.01196
7.0, 85.5, 6.0, 0.9421, 0.06995, 0.004652
8.0, 86.8, 6.1, 0.9160, 0.07071, 0.01124
9.0, 83.2, 5.8, 0.9907, 0.07030, 0.003007
