diode, cal (uWV^-1), cal error (uWV^-1), V mean (V), V SEM (V), V ptp (V)
1, 24.7, 24.7, 6.804, 0.001606, 0.07779
2, 24.9, 24.9, 6.744, 0.001521, 0.0679
3, 24.8, 24.8, 6.77, 0.00217, 0.1165
4, 24.9, 24.9, 6.753, 0.003559, 0.1293
5, 24.6, 24.6, 6.829, 0.002924, 0.1273
6, 24.3, 24.3, 6.916, 0.002877, 0.13
7, 24.4, 24.4, 6.882, 0.001773, 0.08232
8, 24.6, 24.6, 6.835, 0.002054, 0.1093
