diode, cal (uWV^-1), cal error (uWV^-1), V mean (V), V SEM (V), V ptp (V)
1, 246.9, 12.3, 0.6804, 0.0001606, 0.007779
2, 249.1, 12.5, 0.6744, 0.0001521, 0.006790
3, 248.2, 12.4, 0.6770, 0.0002170, 0.01165
4, 248.8, 12.4, 0.6753, 0.0003559, 0.01293
5, 246.0, 12.3, 0.6829, 0.0002924, 0.01273
6, 242.9, 12.1, 0.6916, 0.0002877, 0.01300
7, 244.1, 12.2, 0.6882, 0.0001773, 0.008232
8, 245.8, 12.3, 0.6835, 0.0002054, 0.01093
