diode, mean voltage (V), standard deviation (V), standard error (V)
D1, 6.80384, 0.0163, 0.0001583
D2, 6.74401, 0.01543, 0.0001498
D3, 6.7686, 0.02283, 0.0002076
D4, 6.75285, 0.03612, 0.0003507
D5, 6.82946, 0.02967, 0.0002881
D6, 6.91635, 0.02919, 0.0002834
D7, 6.8813, 0.01845, 0.0001677
D8, 6.83462, 0.02084, 0.0002024
